Le Concert: Pink Floyd a Venise, rdfs:label ,Le concert : Pink Floyd a Venise
Le Concert: Pink Floyd a Venise, rdf:type, Book
Le Concert: Pink Floyd a Venise, dcterms:subject , Pink Floyd in Venice
Le Concert: Pink Floyd a Venise, dcterms:language, French
Le Concert: Pink Floyd a Venise, dcterms:coverage, Paris
Le Concert: Pink Floyd a Venise, dcterms:creator ,Szacka Lea-Catherine
Le Concert: Pink Floyd a Venise, dcterms:contributor ,Lorrain Samuel Marini Sara
Le Concert: Pink Floyd a Venise, dcterms:title , Le concert : Pink Floyd a Venise
Le Concert: Pink Floyd a Venise, ebucore:publicationStartDate, 2017
Le Concert: Pink Floyd a Venise, crm:P50_has_current_keeper ,Biblioteca Iuav
Le Concert: Pink Floyd a Venise, dcterms:publisher ,Edition B2
Le Concert: Pink Floyd a Venise, dbpedia-owl:numberOfPages ,147 p.
Le Concert: Pink Floyd a Venise, frbrer:3002 hasFormOfWork, Essay
